,dmri_path,fmri_path,labels
0,sub-0025427_ses-4_dwi_desikan.npy,sub-0025427_ses-4_bold_desikan_res-2x2x2_measure-correlation.npy,sub-0025427
1,sub-0025427_ses-7_dwi_desikan.npy,sub-0025427_ses-7_bold_desikan_res-2x2x2_measure-correlation.npy,sub-0025427
2,sub-0025427_ses-5_dwi_desikan.npy,sub-0025427_ses-5_bold_desikan_res-2x2x2_measure-correlation.npy,sub-0025427
3,sub-0025427_ses-1_dwi_desikan.npy,sub-0025427_ses-1_bold_desikan_res-2x2x2_measure-correlation.npy,sub-0025427
4,sub-0025427_ses-10_dwi_desikan.npy,sub-0025427_ses-10_bold_desikan_res-2x2x2_measure-correlation.npy,sub-0025427
5,sub-0025427_ses-9_dwi_desikan.npy,sub-0025427_ses-9_bold_desikan_res-2x2x2_measure-correlation.npy,sub-0025427
6,sub-0025427_ses-3_dwi_desikan.npy,sub-0025427_ses-3_bold_desikan_res-2x2x2_measure-correlation.npy,sub-0025427
7,sub-0025427_ses-8_dwi_desikan.npy,sub-0025427_ses-8_bold_desikan_res-2x2x2_measure-correlation.npy,sub-0025427
8,sub-0025427_ses-6_dwi_desikan.npy,sub-0025427_ses-6_bold_desikan_res-2x2x2_measure-correlation.npy,sub-0025427
9,sub-0025427_ses-2_dwi_desikan.npy,sub-0025427_ses-2_bold_desikan_res-2x2x2_measure-correlation.npy,sub-0025427
10,sub-0025428_ses-7_dwi_desikan.npy,sub-0025428_ses-7_bold_desikan_res-2x2x2_measure-correlation.npy,sub-0025428
11,sub-0025428_ses-10_dwi_desikan.npy,sub-0025428_ses-10_bold_desikan_res-2x2x2_measure-correlation.npy,sub-0025428
12,sub-0025428_ses-3_dwi_desikan.npy,sub-0025428_ses-3_bold_desikan_res-2x2x2_measure-correlation.npy,sub-0025428
13,sub-0025428_ses-2_dwi_desikan.npy,sub-0025428_ses-2_bold_desikan_res-2x2x2_measure-correlation.npy,sub-0025428
14,sub-0025428_ses-8_dwi_desikan.npy,sub-0025428_ses-8_bold_desikan_res-2x2x2_measure-correlation.npy,sub-0025428
15,sub-0025428_ses-4_dwi_desikan.npy,sub-0025428_ses-4_bold_desikan_res-2x2x2_measure-correlation.npy,sub-0025428
16,sub-0025428_ses-5_dwi_desikan.npy,sub-0025428_ses-5_bold_desikan_res-2x2x2_measure-correlation.npy,sub-0025428
17,sub-0025428_ses-6_dwi_desikan.npy,sub-0025428_ses-6_bold_desikan_res-2x2x2_measure-correlation.npy,sub-0025428
18,sub-0025428_ses-1_dwi_desikan.npy,sub-0025428_ses-1_bold_desikan_res-2x2x2_measure-correlation.npy,sub-0025428
19,sub-0025428_ses-9_dwi_desikan.npy,sub-0025428_ses-9_bold_desikan_res-2x2x2_measure-correlation.npy,sub-0025428
20,sub-0025429_ses-10_dwi_desikan.npy,sub-0025429_ses-10_bold_desikan_res-2x2x2_measure-correlation.npy,sub-0025429
21,sub-0025429_ses-3_dwi_desikan.npy,sub-0025429_ses-3_bold_desikan_res-2x2x2_measure-correlation.npy,sub-0025429
22,sub-0025429_ses-6_dwi_desikan.npy,sub-0025429_ses-6_bold_desikan_res-2x2x2_measure-correlation.npy,sub-0025429
23,sub-0025429_ses-8_dwi_desikan.npy,sub-0025429_ses-8_bold_desikan_res-2x2x2_measure-correlation.npy,sub-0025429
24,sub-0025429_ses-9_dwi_desikan.npy,sub-0025429_ses-9_bold_desikan_res-2x2x2_measure-correlation.npy,sub-0025429
25,sub-0025429_ses-5_dwi_desikan.npy,sub-0025429_ses-5_bold_desikan_res-2x2x2_measure-correlation.npy,sub-0025429
26,sub-0025429_ses-7_dwi_desikan.npy,sub-0025429_ses-7_bold_desikan_res-2x2x2_measure-correlation.npy,sub-0025429
27,sub-0025429_ses-4_dwi_desikan.npy,sub-0025429_ses-4_bold_desikan_res-2x2x2_measure-correlation.npy,sub-0025429
28,sub-0025429_ses-1_dwi_desikan.npy,sub-0025429_ses-1_bold_desikan_res-2x2x2_measure-correlation.npy,sub-0025429
29,sub-0025429_ses-2_dwi_desikan.npy,sub-0025429_ses-2_bold_desikan_res-2x2x2_measure-correlation.npy,sub-0025429
30,sub-0025430_ses-7_dwi_desikan.npy,sub-0025430_ses-7_bold_desikan_res-2x2x2_measure-correlation.npy,sub-0025430
31,sub-0025430_ses-8_dwi_desikan.npy,sub-0025430_ses-8_bold_desikan_res-2x2x2_measure-correlation.npy,sub-0025430
32,sub-0025430_ses-6_dwi_desikan.npy,sub-0025430_ses-6_bold_desikan_res-2x2x2_measure-correlation.npy,sub-0025430
33,sub-0025430_ses-10_dwi_desikan.npy,sub-0025430_ses-10_bold_desikan_res-2x2x2_measure-correlation.npy,sub-0025430
34,sub-0025430_ses-2_dwi_desikan.npy,sub-0025430_ses-2_bold_desikan_res-2x2x2_measure-correlation.npy,sub-0025430
35,sub-0025430_ses-4_dwi_desikan.npy,sub-0025430_ses-4_bold_desikan_res-2x2x2_measure-correlation.npy,sub-0025430
36,sub-0025430_ses-9_dwi_desikan.npy,sub-0025430_ses-9_bold_desikan_res-2x2x2_measure-correlation.npy,sub-0025430
37,sub-0025430_ses-5_dwi_desikan.npy,sub-0025430_ses-5_bold_desikan_res-2x2x2_measure-correlation.npy,sub-0025430
38,sub-0025430_ses-1_dwi_desikan.npy,sub-0025430_ses-1_bold_desikan_res-2x2x2_measure-correlation.npy,sub-0025430
39,sub-0025430_ses-3_dwi_desikan.npy,sub-0025430_ses-3_bold_desikan_res-2x2x2_measure-correlation.npy,sub-0025430
40,sub-0025431_ses-4_dwi_desikan.npy,sub-0025431_ses-4_bold_desikan_res-2x2x2_measure-correlation.npy,sub-0025431
41,sub-0025431_ses-6_dwi_desikan.npy,sub-0025431_ses-6_bold_desikan_res-2x2x2_measure-correlation.npy,sub-0025431
42,sub-0025431_ses-7_dwi_desikan.npy,sub-0025431_ses-7_bold_desikan_res-2x2x2_measure-correlation.npy,sub-0025431
43,sub-0025431_ses-10_dwi_desikan.npy,sub-0025431_ses-10_bold_desikan_res-2x2x2_measure-correlation.npy,sub-0025431
44,sub-0025431_ses-8_dwi_desikan.npy,sub-0025431_ses-8_bold_desikan_res-2x2x2_measure-correlation.npy,sub-0025431
45,sub-0025431_ses-5_dwi_desikan.npy,sub-0025431_ses-5_bold_desikan_res-2x2x2_measure-correlation.npy,sub-0025431
46,sub-0025431_ses-2_dwi_desikan.npy,sub-0025431_ses-2_bold_desikan_res-2x2x2_measure-correlation.npy,sub-0025431
47,sub-0025431_ses-3_dwi_desikan.npy,sub-0025431_ses-3_bold_desikan_res-2x2x2_measure-correlation.npy,sub-0025431
48,sub-0025431_ses-9_dwi_desikan.npy,sub-0025431_ses-9_bold_desikan_res-2x2x2_measure-correlation.npy,sub-0025431
49,sub-0025431_ses-1_dwi_desikan.npy,sub-0025431_ses-1_bold_desikan_res-2x2x2_measure-correlation.npy,sub-0025431
50,sub-0025432_ses-3_dwi_desikan.npy,sub-0025432_ses-3_bold_desikan_res-2x2x2_measure-correlation.npy,sub-0025432
51,sub-0025432_ses-9_dwi_desikan.npy,sub-0025432_ses-9_bold_desikan_res-2x2x2_measure-correlation.npy,sub-0025432
52,sub-0025432_ses-7_dwi_desikan.npy,sub-0025432_ses-7_bold_desikan_res-2x2x2_measure-correlation.npy,sub-0025432
53,sub-0025432_ses-4_dwi_desikan.npy,sub-0025432_ses-4_bold_desikan_res-2x2x2_measure-correlation.npy,sub-0025432
54,sub-0025432_ses-8_dwi_desikan.npy,sub-0025432_ses-8_bold_desikan_res-2x2x2_measure-correlation.npy,sub-0025432
55,sub-0025432_ses-6_dwi_desikan.npy,sub-0025432_ses-6_bold_desikan_res-2x2x2_measure-correlation.npy,sub-0025432
56,sub-0025432_ses-10_dwi_desikan.npy,sub-0025432_ses-10_bold_desikan_res-2x2x2_measure-correlation.npy,sub-0025432
57,sub-0025432_ses-5_dwi_desikan.npy,sub-0025432_ses-5_bold_desikan_res-2x2x2_measure-correlation.npy,sub-0025432
58,sub-0025432_ses-2_dwi_desikan.npy,sub-0025432_ses-2_bold_desikan_res-2x2x2_measure-correlation.npy,sub-0025432
59,sub-0025432_ses-1_dwi_desikan.npy,sub-0025432_ses-1_bold_desikan_res-2x2x2_measure-correlation.npy,sub-0025432
60,sub-0025433_ses-10_dwi_desikan.npy,sub-0025433_ses-10_bold_desikan_res-2x2x2_measure-correlation.npy,sub-0025433
61,sub-0025433_ses-7_dwi_desikan.npy,sub-0025433_ses-7_bold_desikan_res-2x2x2_measure-correlation.npy,sub-0025433
62,sub-0025433_ses-1_dwi_desikan.npy,sub-0025433_ses-1_bold_desikan_res-2x2x2_measure-correlation.npy,sub-0025433
63,sub-0025433_ses-3_dwi_desikan.npy,sub-0025433_ses-3_bold_desikan_res-2x2x2_measure-correlation.npy,sub-0025433
64,sub-0025433_ses-6_dwi_desikan.npy,sub-0025433_ses-6_bold_desikan_res-2x2x2_measure-correlation.npy,sub-0025433
65,sub-0025433_ses-8_dwi_desikan.npy,sub-0025433_ses-8_bold_desikan_res-2x2x2_measure-correlation.npy,sub-0025433
66,sub-0025433_ses-2_dwi_desikan.npy,sub-0025433_ses-2_bold_desikan_res-2x2x2_measure-correlation.npy,sub-0025433
67,sub-0025433_ses-9_dwi_desikan.npy,sub-0025433_ses-9_bold_desikan_res-2x2x2_measure-correlation.npy,sub-0025433
68,sub-0025433_ses-4_dwi_desikan.npy,sub-0025433_ses-4_bold_desikan_res-2x2x2_measure-correlation.npy,sub-0025433
69,sub-0025433_ses-5_dwi_desikan.npy,sub-0025433_ses-5_bold_desikan_res-2x2x2_measure-correlation.npy,sub-0025433
70,sub-0025434_ses-7_dwi_desikan.npy,sub-0025434_ses-7_bold_desikan_res-2x2x2_measure-correlation.npy,sub-0025434
71,sub-0025434_ses-8_dwi_desikan.npy,sub-0025434_ses-8_bold_desikan_res-2x2x2_measure-correlation.npy,sub-0025434
72,sub-0025434_ses-3_dwi_desikan.npy,sub-0025434_ses-3_bold_desikan_res-2x2x2_measure-correlation.npy,sub-0025434
73,sub-0025434_ses-2_dwi_desikan.npy,sub-0025434_ses-2_bold_desikan_res-2x2x2_measure-correlation.npy,sub-0025434
74,sub-0025434_ses-1_dwi_desikan.npy,sub-0025434_ses-1_bold_desikan_res-2x2x2_measure-correlation.npy,sub-0025434
75,sub-0025434_ses-10_dwi_desikan.npy,sub-0025434_ses-10_bold_desikan_res-2x2x2_measure-correlation.npy,sub-0025434
76,sub-0025434_ses-9_dwi_desikan.npy,sub-0025434_ses-9_bold_desikan_res-2x2x2_measure-correlation.npy,sub-0025434
77,sub-0025434_ses-6_dwi_desikan.npy,sub-0025434_ses-6_bold_desikan_res-2x2x2_measure-correlation.npy,sub-0025434
78,sub-0025434_ses-4_dwi_desikan.npy,sub-0025434_ses-4_bold_desikan_res-2x2x2_measure-correlation.npy,sub-0025434
79,sub-0025434_ses-5_dwi_desikan.npy,sub-0025434_ses-5_bold_desikan_res-2x2x2_measure-correlation.npy,sub-0025434
80,sub-0025435_ses-8_dwi_desikan.npy,sub-0025435_ses-8_bold_desikan_res-2x2x2_measure-correlation.npy,sub-0025435
81,sub-0025435_ses-6_dwi_desikan.npy,sub-0025435_ses-6_bold_desikan_res-2x2x2_measure-correlation.npy,sub-0025435
82,sub-0025435_ses-10_dwi_desikan.npy,sub-0025435_ses-10_bold_desikan_res-2x2x2_measure-correlation.npy,sub-0025435
83,sub-0025435_ses-1_dwi_desikan.npy,sub-0025435_ses-1_bold_desikan_res-2x2x2_measure-correlation.npy,sub-0025435
84,sub-0025435_ses-2_dwi_desikan.npy,sub-0025435_ses-2_bold_desikan_res-2x2x2_measure-correlation.npy,sub-0025435
85,sub-0025435_ses-3_dwi_desikan.npy,sub-0025435_ses-3_bold_desikan_res-2x2x2_measure-correlation.npy,sub-0025435
86,sub-0025435_ses-7_dwi_desikan.npy,sub-0025435_ses-7_bold_desikan_res-2x2x2_measure-correlation.npy,sub-0025435
87,sub-0025435_ses-5_dwi_desikan.npy,sub-0025435_ses-5_bold_desikan_res-2x2x2_measure-correlation.npy,sub-0025435
88,sub-0025435_ses-4_dwi_desikan.npy,sub-0025435_ses-4_bold_desikan_res-2x2x2_measure-correlation.npy,sub-0025435
89,sub-0025435_ses-9_dwi_desikan.npy,sub-0025435_ses-9_bold_desikan_res-2x2x2_measure-correlation.npy,sub-0025435
90,sub-0025436_ses-6_dwi_desikan.npy,sub-0025436_ses-6_bold_desikan_res-2x2x2_measure-correlation.npy,sub-0025436
91,sub-0025436_ses-4_dwi_desikan.npy,sub-0025436_ses-4_bold_desikan_res-2x2x2_measure-correlation.npy,sub-0025436
92,sub-0025436_ses-3_dwi_desikan.npy,sub-0025436_ses-3_bold_desikan_res-2x2x2_measure-correlation.npy,sub-0025436
93,sub-0025436_ses-2_dwi_desikan.npy,sub-0025436_ses-2_bold_desikan_res-2x2x2_measure-correlation.npy,sub-0025436
94,sub-0025436_ses-8_dwi_desikan.npy,sub-0025436_ses-8_bold_desikan_res-2x2x2_measure-correlation.npy,sub-0025436
95,sub-0025436_ses-1_dwi_desikan.npy,sub-0025436_ses-1_bold_desikan_res-2x2x2_measure-correlation.npy,sub-0025436
96,sub-0025436_ses-7_dwi_desikan.npy,sub-0025436_ses-7_bold_desikan_res-2x2x2_measure-correlation.npy,sub-0025436
97,sub-0025436_ses-5_dwi_desikan.npy,sub-0025436_ses-5_bold_desikan_res-2x2x2_measure-correlation.npy,sub-0025436
98,sub-0025436_ses-9_dwi_desikan.npy,sub-0025436_ses-9_bold_desikan_res-2x2x2_measure-correlation.npy,sub-0025436
99,sub-0025436_ses-10_dwi_desikan.npy,sub-0025436_ses-10_bold_desikan_res-2x2x2_measure-correlation.npy,sub-0025436
100,sub-0025437_ses-6_dwi_desikan.npy,sub-0025437_ses-6_bold_desikan_res-2x2x2_measure-correlation.npy,sub-0025437
101,sub-0025437_ses-5_dwi_desikan.npy,sub-0025437_ses-5_bold_desikan_res-2x2x2_measure-correlation.npy,sub-0025437
102,sub-0025437_ses-4_dwi_desikan.npy,sub-0025437_ses-4_bold_desikan_res-2x2x2_measure-correlation.npy,sub-0025437
103,sub-0025437_ses-9_dwi_desikan.npy,sub-0025437_ses-9_bold_desikan_res-2x2x2_measure-correlation.npy,sub-0025437
104,sub-0025437_ses-10_dwi_desikan.npy,sub-0025437_ses-10_bold_desikan_res-2x2x2_measure-correlation.npy,sub-0025437
105,sub-0025437_ses-7_dwi_desikan.npy,sub-0025437_ses-7_bold_desikan_res-2x2x2_measure-correlation.npy,sub-0025437
106,sub-0025437_ses-2_dwi_desikan.npy,sub-0025437_ses-2_bold_desikan_res-2x2x2_measure-correlation.npy,sub-0025437
107,sub-0025437_ses-3_dwi_desikan.npy,sub-0025437_ses-3_bold_desikan_res-2x2x2_measure-correlation.npy,sub-0025437
108,sub-0025437_ses-8_dwi_desikan.npy,sub-0025437_ses-8_bold_desikan_res-2x2x2_measure-correlation.npy,sub-0025437
109,sub-0025437_ses-1_dwi_desikan.npy,sub-0025437_ses-1_bold_desikan_res-2x2x2_measure-correlation.npy,sub-0025437
110,sub-0025438_ses-1_dwi_desikan.npy,sub-0025438_ses-1_bold_desikan_res-2x2x2_measure-correlation.npy,sub-0025438
111,sub-0025438_ses-4_dwi_desikan.npy,sub-0025438_ses-4_bold_desikan_res-2x2x2_measure-correlation.npy,sub-0025438
112,sub-0025438_ses-6_dwi_desikan.npy,sub-0025438_ses-6_bold_desikan_res-2x2x2_measure-correlation.npy,sub-0025438
113,sub-0025438_ses-8_dwi_desikan.npy,sub-0025438_ses-8_bold_desikan_res-2x2x2_measure-correlation.npy,sub-0025438
114,sub-0025438_ses-5_dwi_desikan.npy,sub-0025438_ses-5_bold_desikan_res-2x2x2_measure-correlation.npy,sub-0025438
115,sub-0025438_ses-3_dwi_desikan.npy,sub-0025438_ses-3_bold_desikan_res-2x2x2_measure-correlation.npy,sub-0025438
116,sub-0025438_ses-2_dwi_desikan.npy,sub-0025438_ses-2_bold_desikan_res-2x2x2_measure-correlation.npy,sub-0025438
117,sub-0025438_ses-10_dwi_desikan.npy,sub-0025438_ses-10_bold_desikan_res-2x2x2_measure-correlation.npy,sub-0025438
118,sub-0025438_ses-7_dwi_desikan.npy,sub-0025438_ses-7_bold_desikan_res-2x2x2_measure-correlation.npy,sub-0025438
119,sub-0025438_ses-9_dwi_desikan.npy,sub-0025438_ses-9_bold_desikan_res-2x2x2_measure-correlation.npy,sub-0025438
120,sub-0025439_ses-7_dwi_desikan.npy,sub-0025439_ses-7_bold_desikan_res-2x2x2_measure-correlation.npy,sub-0025439
121,sub-0025439_ses-9_dwi_desikan.npy,sub-0025439_ses-9_bold_desikan_res-2x2x2_measure-correlation.npy,sub-0025439
122,sub-0025439_ses-10_dwi_desikan.npy,sub-0025439_ses-10_bold_desikan_res-2x2x2_measure-correlation.npy,sub-0025439
123,sub-0025439_ses-3_dwi_desikan.npy,sub-0025439_ses-3_bold_desikan_res-2x2x2_measure-correlation.npy,sub-0025439
124,sub-0025439_ses-4_dwi_desikan.npy,sub-0025439_ses-4_bold_desikan_res-2x2x2_measure-correlation.npy,sub-0025439
125,sub-0025439_ses-2_dwi_desikan.npy,sub-0025439_ses-2_bold_desikan_res-2x2x2_measure-correlation.npy,sub-0025439
126,sub-0025439_ses-8_dwi_desikan.npy,sub-0025439_ses-8_bold_desikan_res-2x2x2_measure-correlation.npy,sub-0025439
127,sub-0025439_ses-5_dwi_desikan.npy,sub-0025439_ses-5_bold_desikan_res-2x2x2_measure-correlation.npy,sub-0025439
128,sub-0025439_ses-6_dwi_desikan.npy,sub-0025439_ses-6_bold_desikan_res-2x2x2_measure-correlation.npy,sub-0025439
129,sub-0025439_ses-1_dwi_desikan.npy,sub-0025439_ses-1_bold_desikan_res-2x2x2_measure-correlation.npy,sub-0025439
130,sub-0025440_ses-10_dwi_desikan.npy,sub-0025440_ses-10_bold_desikan_res-2x2x2_measure-correlation.npy,sub-0025440
131,sub-0025440_ses-5_dwi_desikan.npy,sub-0025440_ses-5_bold_desikan_res-2x2x2_measure-correlation.npy,sub-0025440
132,sub-0025440_ses-6_dwi_desikan.npy,sub-0025440_ses-6_bold_desikan_res-2x2x2_measure-correlation.npy,sub-0025440
133,sub-0025440_ses-7_dwi_desikan.npy,sub-0025440_ses-7_bold_desikan_res-2x2x2_measure-correlation.npy,sub-0025440
134,sub-0025440_ses-9_dwi_desikan.npy,sub-0025440_ses-9_bold_desikan_res-2x2x2_measure-correlation.npy,sub-0025440
135,sub-0025440_ses-8_dwi_desikan.npy,sub-0025440_ses-8_bold_desikan_res-2x2x2_measure-correlation.npy,sub-0025440
136,sub-0025440_ses-3_dwi_desikan.npy,sub-0025440_ses-3_bold_desikan_res-2x2x2_measure-correlation.npy,sub-0025440
137,sub-0025440_ses-1_dwi_desikan.npy,sub-0025440_ses-1_bold_desikan_res-2x2x2_measure-correlation.npy,sub-0025440
138,sub-0025440_ses-4_dwi_desikan.npy,sub-0025440_ses-4_bold_desikan_res-2x2x2_measure-correlation.npy,sub-0025440
139,sub-0025440_ses-2_dwi_desikan.npy,sub-0025440_ses-2_bold_desikan_res-2x2x2_measure-correlation.npy,sub-0025440
140,sub-0025441_ses-2_dwi_desikan.npy,sub-0025441_ses-2_bold_desikan_res-2x2x2_measure-correlation.npy,sub-0025441
141,sub-0025441_ses-3_dwi_desikan.npy,sub-0025441_ses-3_bold_desikan_res-2x2x2_measure-correlation.npy,sub-0025441
142,sub-0025441_ses-4_dwi_desikan.npy,sub-0025441_ses-4_bold_desikan_res-2x2x2_measure-correlation.npy,sub-0025441
143,sub-0025441_ses-9_dwi_desikan.npy,sub-0025441_ses-9_bold_desikan_res-2x2x2_measure-correlation.npy,sub-0025441
144,sub-0025441_ses-5_dwi_desikan.npy,sub-0025441_ses-5_bold_desikan_res-2x2x2_measure-correlation.npy,sub-0025441
145,sub-0025441_ses-1_dwi_desikan.npy,sub-0025441_ses-1_bold_desikan_res-2x2x2_measure-correlation.npy,sub-0025441
146,sub-0025441_ses-7_dwi_desikan.npy,sub-0025441_ses-7_bold_desikan_res-2x2x2_measure-correlation.npy,sub-0025441
147,sub-0025441_ses-8_dwi_desikan.npy,sub-0025441_ses-8_bold_desikan_res-2x2x2_measure-correlation.npy,sub-0025441
148,sub-0025441_ses-6_dwi_desikan.npy,sub-0025441_ses-6_bold_desikan_res-2x2x2_measure-correlation.npy,sub-0025441
149,sub-0025441_ses-10_dwi_desikan.npy,sub-0025441_ses-10_bold_desikan_res-2x2x2_measure-correlation.npy,sub-0025441
150,sub-0025442_ses-5_dwi_desikan.npy,sub-0025442_ses-5_bold_desikan_res-2x2x2_measure-correlation.npy,sub-0025442
151,sub-0025442_ses-8_dwi_desikan.npy,sub-0025442_ses-8_bold_desikan_res-2x2x2_measure-correlation.npy,sub-0025442
152,sub-0025442_ses-10_dwi_desikan.npy,sub-0025442_ses-10_bold_desikan_res-2x2x2_measure-correlation.npy,sub-0025442
153,sub-0025442_ses-7_dwi_desikan.npy,sub-0025442_ses-7_bold_desikan_res-2x2x2_measure-correlation.npy,sub-0025442
154,sub-0025442_ses-3_dwi_desikan.npy,sub-0025442_ses-3_bold_desikan_res-2x2x2_measure-correlation.npy,sub-0025442
155,sub-0025442_ses-2_dwi_desikan.npy,sub-0025442_ses-2_bold_desikan_res-2x2x2_measure-correlation.npy,sub-0025442
156,sub-0025442_ses-4_dwi_desikan.npy,sub-0025442_ses-4_bold_desikan_res-2x2x2_measure-correlation.npy,sub-0025442
157,sub-0025442_ses-9_dwi_desikan.npy,sub-0025442_ses-9_bold_desikan_res-2x2x2_measure-correlation.npy,sub-0025442
158,sub-0025442_ses-1_dwi_desikan.npy,sub-0025442_ses-1_bold_desikan_res-2x2x2_measure-correlation.npy,sub-0025442
159,sub-0025442_ses-6_dwi_desikan.npy,sub-0025442_ses-6_bold_desikan_res-2x2x2_measure-correlation.npy,sub-0025442
160,sub-0025443_ses-5_dwi_desikan.npy,sub-0025443_ses-5_bold_desikan_res-2x2x2_measure-correlation.npy,sub-0025443
161,sub-0025443_ses-8_dwi_desikan.npy,sub-0025443_ses-8_bold_desikan_res-2x2x2_measure-correlation.npy,sub-0025443
162,sub-0025443_ses-3_dwi_desikan.npy,sub-0025443_ses-3_bold_desikan_res-2x2x2_measure-correlation.npy,sub-0025443
163,sub-0025443_ses-9_dwi_desikan.npy,sub-0025443_ses-9_bold_desikan_res-2x2x2_measure-correlation.npy,sub-0025443
164,sub-0025443_ses-7_dwi_desikan.npy,sub-0025443_ses-7_bold_desikan_res-2x2x2_measure-correlation.npy,sub-0025443
165,sub-0025443_ses-4_dwi_desikan.npy,sub-0025443_ses-4_bold_desikan_res-2x2x2_measure-correlation.npy,sub-0025443
166,sub-0025443_ses-1_dwi_desikan.npy,sub-0025443_ses-1_bold_desikan_res-2x2x2_measure-correlation.npy,sub-0025443
167,sub-0025443_ses-10_dwi_desikan.npy,sub-0025443_ses-10_bold_desikan_res-2x2x2_measure-correlation.npy,sub-0025443
168,sub-0025443_ses-2_dwi_desikan.npy,sub-0025443_ses-2_bold_desikan_res-2x2x2_measure-correlation.npy,sub-0025443
169,sub-0025443_ses-6_dwi_desikan.npy,sub-0025443_ses-6_bold_desikan_res-2x2x2_measure-correlation.npy,sub-0025443
170,sub-0025444_ses-7_dwi_desikan.npy,sub-0025444_ses-7_bold_desikan_res-2x2x2_measure-correlation.npy,sub-0025444
171,sub-0025444_ses-9_dwi_desikan.npy,sub-0025444_ses-9_bold_desikan_res-2x2x2_measure-correlation.npy,sub-0025444
172,sub-0025444_ses-8_dwi_desikan.npy,sub-0025444_ses-8_bold_desikan_res-2x2x2_measure-correlation.npy,sub-0025444
173,sub-0025444_ses-5_dwi_desikan.npy,sub-0025444_ses-5_bold_desikan_res-2x2x2_measure-correlation.npy,sub-0025444
174,sub-0025444_ses-1_dwi_desikan.npy,sub-0025444_ses-1_bold_desikan_res-2x2x2_measure-correlation.npy,sub-0025444
175,sub-0025444_ses-4_dwi_desikan.npy,sub-0025444_ses-4_bold_desikan_res-2x2x2_measure-correlation.npy,sub-0025444
176,sub-0025444_ses-3_dwi_desikan.npy,sub-0025444_ses-3_bold_desikan_res-2x2x2_measure-correlation.npy,sub-0025444
177,sub-0025444_ses-10_dwi_desikan.npy,sub-0025444_ses-10_bold_desikan_res-2x2x2_measure-correlation.npy,sub-0025444
178,sub-0025444_ses-2_dwi_desikan.npy,sub-0025444_ses-2_bold_desikan_res-2x2x2_measure-correlation.npy,sub-0025444
179,sub-0025444_ses-6_dwi_desikan.npy,sub-0025444_ses-6_bold_desikan_res-2x2x2_measure-correlation.npy,sub-0025444
180,sub-0025445_ses-5_dwi_desikan.npy,sub-0025445_ses-5_bold_desikan_res-2x2x2_measure-correlation.npy,sub-0025445
181,sub-0025445_ses-3_dwi_desikan.npy,sub-0025445_ses-3_bold_desikan_res-2x2x2_measure-correlation.npy,sub-0025445
182,sub-0025445_ses-4_dwi_desikan.npy,sub-0025445_ses-4_bold_desikan_res-2x2x2_measure-correlation.npy,sub-0025445
183,sub-0025445_ses-10_dwi_desikan.npy,sub-0025445_ses-10_bold_desikan_res-2x2x2_measure-correlation.npy,sub-0025445
184,sub-0025445_ses-8_dwi_desikan.npy,sub-0025445_ses-8_bold_desikan_res-2x2x2_measure-correlation.npy,sub-0025445
185,sub-0025445_ses-9_dwi_desikan.npy,sub-0025445_ses-9_bold_desikan_res-2x2x2_measure-correlation.npy,sub-0025445
186,sub-0025445_ses-7_dwi_desikan.npy,sub-0025445_ses-7_bold_desikan_res-2x2x2_measure-correlation.npy,sub-0025445
187,sub-0025445_ses-1_dwi_desikan.npy,sub-0025445_ses-1_bold_desikan_res-2x2x2_measure-correlation.npy,sub-0025445
188,sub-0025445_ses-2_dwi_desikan.npy,sub-0025445_ses-2_bold_desikan_res-2x2x2_measure-correlation.npy,sub-0025445
189,sub-0025445_ses-6_dwi_desikan.npy,sub-0025445_ses-6_bold_desikan_res-2x2x2_measure-correlation.npy,sub-0025445
190,sub-0025446_ses-8_dwi_desikan.npy,sub-0025446_ses-8_bold_desikan_res-2x2x2_measure-correlation.npy,sub-0025446
191,sub-0025446_ses-4_dwi_desikan.npy,sub-0025446_ses-4_bold_desikan_res-2x2x2_measure-correlation.npy,sub-0025446
192,sub-0025446_ses-2_dwi_desikan.npy,sub-0025446_ses-2_bold_desikan_res-2x2x2_measure-correlation.npy,sub-0025446
193,sub-0025446_ses-3_dwi_desikan.npy,sub-0025446_ses-3_bold_desikan_res-2x2x2_measure-correlation.npy,sub-0025446
194,sub-0025446_ses-1_dwi_desikan.npy,sub-0025446_ses-1_bold_desikan_res-2x2x2_measure-correlation.npy,sub-0025446
195,sub-0025446_ses-10_dwi_desikan.npy,sub-0025446_ses-10_bold_desikan_res-2x2x2_measure-correlation.npy,sub-0025446
196,sub-0025446_ses-7_dwi_desikan.npy,sub-0025446_ses-7_bold_desikan_res-2x2x2_measure-correlation.npy,sub-0025446
197,sub-0025446_ses-5_dwi_desikan.npy,sub-0025446_ses-5_bold_desikan_res-2x2x2_measure-correlation.npy,sub-0025446
198,sub-0025446_ses-6_dwi_desikan.npy,sub-0025446_ses-6_bold_desikan_res-2x2x2_measure-correlation.npy,sub-0025446
199,sub-0025446_ses-9_dwi_desikan.npy,sub-0025446_ses-9_bold_desikan_res-2x2x2_measure-correlation.npy,sub-0025446
200,sub-0025447_ses-6_dwi_desikan.npy,sub-0025447_ses-6_bold_desikan_res-2x2x2_measure-correlation.npy,sub-0025447
201,sub-0025447_ses-10_dwi_desikan.npy,sub-0025447_ses-10_bold_desikan_res-2x2x2_measure-correlation.npy,sub-0025447
202,sub-0025447_ses-7_dwi_desikan.npy,sub-0025447_ses-7_bold_desikan_res-2x2x2_measure-correlation.npy,sub-0025447
203,sub-0025447_ses-4_dwi_desikan.npy,sub-0025447_ses-4_bold_desikan_res-2x2x2_measure-correlation.npy,sub-0025447
204,sub-0025447_ses-5_dwi_desikan.npy,sub-0025447_ses-5_bold_desikan_res-2x2x2_measure-correlation.npy,sub-0025447
205,sub-0025447_ses-9_dwi_desikan.npy,sub-0025447_ses-9_bold_desikan_res-2x2x2_measure-correlation.npy,sub-0025447
206,sub-0025447_ses-1_dwi_desikan.npy,sub-0025447_ses-1_bold_desikan_res-2x2x2_measure-correlation.npy,sub-0025447
207,sub-0025447_ses-2_dwi_desikan.npy,sub-0025447_ses-2_bold_desikan_res-2x2x2_measure-correlation.npy,sub-0025447
208,sub-0025447_ses-8_dwi_desikan.npy,sub-0025447_ses-8_bold_desikan_res-2x2x2_measure-correlation.npy,sub-0025447
209,sub-0025447_ses-3_dwi_desikan.npy,sub-0025447_ses-3_bold_desikan_res-2x2x2_measure-correlation.npy,sub-0025447
210,sub-0025448_ses-3_dwi_desikan.npy,sub-0025448_ses-3_bold_desikan_res-2x2x2_measure-correlation.npy,sub-0025448
211,sub-0025448_ses-2_dwi_desikan.npy,sub-0025448_ses-2_bold_desikan_res-2x2x2_measure-correlation.npy,sub-0025448
212,sub-0025448_ses-4_dwi_desikan.npy,sub-0025448_ses-4_bold_desikan_res-2x2x2_measure-correlation.npy,sub-0025448
213,sub-0025448_ses-5_dwi_desikan.npy,sub-0025448_ses-5_bold_desikan_res-2x2x2_measure-correlation.npy,sub-0025448
214,sub-0025448_ses-9_dwi_desikan.npy,sub-0025448_ses-9_bold_desikan_res-2x2x2_measure-correlation.npy,sub-0025448
215,sub-0025448_ses-6_dwi_desikan.npy,sub-0025448_ses-6_bold_desikan_res-2x2x2_measure-correlation.npy,sub-0025448
216,sub-0025448_ses-10_dwi_desikan.npy,sub-0025448_ses-10_bold_desikan_res-2x2x2_measure-correlation.npy,sub-0025448
217,sub-0025448_ses-8_dwi_desikan.npy,sub-0025448_ses-8_bold_desikan_res-2x2x2_measure-correlation.npy,sub-0025448
218,sub-0025448_ses-1_dwi_desikan.npy,sub-0025448_ses-1_bold_desikan_res-2x2x2_measure-correlation.npy,sub-0025448
219,sub-0025448_ses-7_dwi_desikan.npy,sub-0025448_ses-7_bold_desikan_res-2x2x2_measure-correlation.npy,sub-0025448
220,sub-0025449_ses-1_dwi_desikan.npy,sub-0025449_ses-1_bold_desikan_res-2x2x2_measure-correlation.npy,sub-0025449
221,sub-0025449_ses-6_dwi_desikan.npy,sub-0025449_ses-6_bold_desikan_res-2x2x2_measure-correlation.npy,sub-0025449
222,sub-0025449_ses-9_dwi_desikan.npy,sub-0025449_ses-9_bold_desikan_res-2x2x2_measure-correlation.npy,sub-0025449
223,sub-0025449_ses-3_dwi_desikan.npy,sub-0025449_ses-3_bold_desikan_res-2x2x2_measure-correlation.npy,sub-0025449
224,sub-0025449_ses-4_dwi_desikan.npy,sub-0025449_ses-4_bold_desikan_res-2x2x2_measure-correlation.npy,sub-0025449
225,sub-0025449_ses-2_dwi_desikan.npy,sub-0025449_ses-2_bold_desikan_res-2x2x2_measure-correlation.npy,sub-0025449
226,sub-0025449_ses-5_dwi_desikan.npy,sub-0025449_ses-5_bold_desikan_res-2x2x2_measure-correlation.npy,sub-0025449
227,sub-0025450_ses-2_dwi_desikan.npy,sub-0025450_ses-2_bold_desikan_res-2x2x2_measure-correlation.npy,sub-0025450
228,sub-0025450_ses-9_dwi_desikan.npy,sub-0025450_ses-9_bold_desikan_res-2x2x2_measure-correlation.npy,sub-0025450
229,sub-0025450_ses-1_dwi_desikan.npy,sub-0025450_ses-1_bold_desikan_res-2x2x2_measure-correlation.npy,sub-0025450
230,sub-0025450_ses-8_dwi_desikan.npy,sub-0025450_ses-8_bold_desikan_res-2x2x2_measure-correlation.npy,sub-0025450
231,sub-0025450_ses-5_dwi_desikan.npy,sub-0025450_ses-5_bold_desikan_res-2x2x2_measure-correlation.npy,sub-0025450
232,sub-0025450_ses-3_dwi_desikan.npy,sub-0025450_ses-3_bold_desikan_res-2x2x2_measure-correlation.npy,sub-0025450
233,sub-0025450_ses-7_dwi_desikan.npy,sub-0025450_ses-7_bold_desikan_res-2x2x2_measure-correlation.npy,sub-0025450
234,sub-0025451_ses-9_dwi_desikan.npy,sub-0025451_ses-9_bold_desikan_res-2x2x2_measure-correlation.npy,sub-0025451
235,sub-0025451_ses-5_dwi_desikan.npy,sub-0025451_ses-5_bold_desikan_res-2x2x2_measure-correlation.npy,sub-0025451
236,sub-0025451_ses-4_dwi_desikan.npy,sub-0025451_ses-4_bold_desikan_res-2x2x2_measure-correlation.npy,sub-0025451
237,sub-0025451_ses-10_dwi_desikan.npy,sub-0025451_ses-10_bold_desikan_res-2x2x2_measure-correlation.npy,sub-0025451
238,sub-0025451_ses-3_dwi_desikan.npy,sub-0025451_ses-3_bold_desikan_res-2x2x2_measure-correlation.npy,sub-0025451
239,sub-0025451_ses-7_dwi_desikan.npy,sub-0025451_ses-7_bold_desikan_res-2x2x2_measure-correlation.npy,sub-0025451
240,sub-0025451_ses-1_dwi_desikan.npy,sub-0025451_ses-1_bold_desikan_res-2x2x2_measure-correlation.npy,sub-0025451
241,sub-0025452_ses-1_dwi_desikan.npy,sub-0025452_ses-1_bold_desikan_res-2x2x2_measure-correlation.npy,sub-0025452
242,sub-0025452_ses-9_dwi_desikan.npy,sub-0025452_ses-9_bold_desikan_res-2x2x2_measure-correlation.npy,sub-0025452
243,sub-0025452_ses-3_dwi_desikan.npy,sub-0025452_ses-3_bold_desikan_res-2x2x2_measure-correlation.npy,sub-0025452
244,sub-0025452_ses-6_dwi_desikan.npy,sub-0025452_ses-6_bold_desikan_res-2x2x2_measure-correlation.npy,sub-0025452
245,sub-0025452_ses-5_dwi_desikan.npy,sub-0025452_ses-5_bold_desikan_res-2x2x2_measure-correlation.npy,sub-0025452
246,sub-0025452_ses-7_dwi_desikan.npy,sub-0025452_ses-7_bold_desikan_res-2x2x2_measure-correlation.npy,sub-0025452
247,sub-0025453_ses-3_dwi_desikan.npy,sub-0025453_ses-3_bold_desikan_res-2x2x2_measure-correlation.npy,sub-0025453
248,sub-0025453_ses-7_dwi_desikan.npy,sub-0025453_ses-7_bold_desikan_res-2x2x2_measure-correlation.npy,sub-0025453
249,sub-0025453_ses-9_dwi_desikan.npy,sub-0025453_ses-9_bold_desikan_res-2x2x2_measure-correlation.npy,sub-0025453
250,sub-0025453_ses-5_dwi_desikan.npy,sub-0025453_ses-5_bold_desikan_res-2x2x2_measure-correlation.npy,sub-0025453
251,sub-0025453_ses-2_dwi_desikan.npy,sub-0025453_ses-2_bold_desikan_res-2x2x2_measure-correlation.npy,sub-0025453
252,sub-0025453_ses-1_dwi_desikan.npy,sub-0025453_ses-1_bold_desikan_res-2x2x2_measure-correlation.npy,sub-0025453
253,sub-0025453_ses-8_dwi_desikan.npy,sub-0025453_ses-8_bold_desikan_res-2x2x2_measure-correlation.npy,sub-0025453
254,sub-0025454_ses-7_dwi_desikan.npy,sub-0025454_ses-7_bold_desikan_res-2x2x2_measure-correlation.npy,sub-0025454
255,sub-0025454_ses-5_dwi_desikan.npy,sub-0025454_ses-5_bold_desikan_res-2x2x2_measure-correlation.npy,sub-0025454
256,sub-0025454_ses-9_dwi_desikan.npy,sub-0025454_ses-9_bold_desikan_res-2x2x2_measure-correlation.npy,sub-0025454
257,sub-0025454_ses-3_dwi_desikan.npy,sub-0025454_ses-3_bold_desikan_res-2x2x2_measure-correlation.npy,sub-0025454
258,sub-0025454_ses-4_dwi_desikan.npy,sub-0025454_ses-4_bold_desikan_res-2x2x2_measure-correlation.npy,sub-0025454
259,sub-0025454_ses-10_dwi_desikan.npy,sub-0025454_ses-10_bold_desikan_res-2x2x2_measure-correlation.npy,sub-0025454
260,sub-0025454_ses-1_dwi_desikan.npy,sub-0025454_ses-1_bold_desikan_res-2x2x2_measure-correlation.npy,sub-0025454
261,sub-0025455_ses-3_dwi_desikan.npy,sub-0025455_ses-3_bold_desikan_res-2x2x2_measure-correlation.npy,sub-0025455
262,sub-0025455_ses-5_dwi_desikan.npy,sub-0025455_ses-5_bold_desikan_res-2x2x2_measure-correlation.npy,sub-0025455
263,sub-0025455_ses-9_dwi_desikan.npy,sub-0025455_ses-9_bold_desikan_res-2x2x2_measure-correlation.npy,sub-0025455
264,sub-0025455_ses-1_dwi_desikan.npy,sub-0025455_ses-1_bold_desikan_res-2x2x2_measure-correlation.npy,sub-0025455
265,sub-0025455_ses-6_dwi_desikan.npy,sub-0025455_ses-6_bold_desikan_res-2x2x2_measure-correlation.npy,sub-0025455
266,sub-0025455_ses-7_dwi_desikan.npy,sub-0025455_ses-7_bold_desikan_res-2x2x2_measure-correlation.npy,sub-0025455
267,sub-0025456_ses-5_dwi_desikan.npy,sub-0025456_ses-5_bold_desikan_res-2x2x2_measure-correlation.npy,sub-0025456
268,sub-0025456_ses-7_dwi_desikan.npy,sub-0025456_ses-7_bold_desikan_res-2x2x2_measure-correlation.npy,sub-0025456
269,sub-0025456_ses-1_dwi_desikan.npy,sub-0025456_ses-1_bold_desikan_res-2x2x2_measure-correlation.npy,sub-0025456
270,sub-0025456_ses-8_dwi_desikan.npy,sub-0025456_ses-8_bold_desikan_res-2x2x2_measure-correlation.npy,sub-0025456
271,sub-0025456_ses-9_dwi_desikan.npy,sub-0025456_ses-9_bold_desikan_res-2x2x2_measure-correlation.npy,sub-0025456
272,sub-0025456_ses-3_dwi_desikan.npy,sub-0025456_ses-3_bold_desikan_res-2x2x2_measure-correlation.npy,sub-0025456
273,sub-0025456_ses-2_dwi_desikan.npy,sub-0025456_ses-2_bold_desikan_res-2x2x2_measure-correlation.npy,sub-0025456
